mean_fit_time,std_fit_time,mean_score_time,std_score_time,param_learning_rate,param_max_depth,param_min_samples_leaf,param_min_samples_split,param_n_estimators,params,split0_test_score,split1_test_score,split2_test_score,mean_test_score,std_test_score,rank_test_score
56.11149978637695,4.732285924578469,0.1386244297027588,0.017442157294958578,0.05,2,1,2,100,"{'learning_rate': 0.05, 'max_depth': 2, 'min_samples_leaf': 1, 'min_samples_split': 2, 'n_estimators': 100}",0.7732978897012515,0.7791482905510998,0.7828113128926895,0.7784191643816802,0.003917909641041331,29
82.85992765426636,4.6928895879190735,0.19016035397847494,0.023966777995038033,0.05,2,1,2,150,"{'learning_rate': 0.05, 'max_depth': 2, 'min_samples_leaf': 1, 'min_samples_split': 2, 'n_estimators': 150}",0.7762790036422071,0.7851412488331382,0.7857814992065714,0.7824005838939723,0.004336495414446291,22
54.666340589523315,3.9741685041696018,0.1301297346750895,0.008285630272591871,0.05,2,1,5,100,"{'learning_rate': 0.05, 'max_depth': 2, 'min_samples_leaf': 1, 'min_samples_split': 5, 'n_estimators': 100}",0.7732978897012515,0.7789721450854652,0.7828113128926895,0.7783604492264686,0.00390784971331487,30
76.78910525639851,4.327754048516006,0.15826129913330078,0.010061657174355856,0.05,2,1,5,150,"{'learning_rate': 0.05, 'max_depth': 2, 'min_samples_leaf': 1, 'min_samples_split': 5, 'n_estimators': 150}",0.7762790036422071,0.7847063704406128,0.7857814992065714,0.782255624429797,0.004248840821905594,23
52.94531989097595,2.086314262833104,0.13699579238891602,0.014541129063339455,0.05,2,2,2,100,"{'learning_rate': 0.05, 'max_depth': 2, 'min_samples_leaf': 2, 'min_samples_split': 2, 'n_estimators': 100}",0.7732978897012515,0.7786142695438651,0.7828113128926895,0.7782411573792687,0.0038927894643280307,32
80.19850635528564,0.412264362199663,0.19549242655436197,0.04853630701866848,0.05,2,2,2,150,"{'learning_rate': 0.05, 'max_depth': 2, 'min_samples_leaf': 2, 'min_samples_split': 2, 'n_estimators': 150}",0.7773611238289324,0.7855027902279598,0.7859444511126097,0.7829361217231673,0.0039462401704913955,20
54.27326329549154,2.46027779270955,0.1579763094584147,0.041643579474821765,0.05,2,2,5,100,"{'learning_rate': 0.05, 'max_depth': 2, 'min_samples_leaf': 2, 'min_samples_split': 5, 'n_estimators': 100}",0.7732978897012515,0.7787017256717879,0.7828113128926895,0.7782703094219096,0.003895800746987441,31
80.15176796913147,2.7713325511293516,0.2025726636250814,0.02374768171674842,0.05,2,2,5,150,"{'learning_rate': 0.05, 'max_depth': 2, 'min_samples_leaf': 2, 'min_samples_split': 5, 'n_estimators': 150}",0.7773611238289324,0.7855690708659485,0.7859444511126097,0.7829582152691635,0.0039607071780282934,19
73.15712054570515,0.49600074393737176,0.17431036631266275,0.00751212979006936,0.05,3,1,2,100,"{'learning_rate': 0.05, 'max_depth': 3, 'min_samples_leaf': 1, 'min_samples_split': 2, 'n_estimators': 100}",0.7771838133147767,0.7853335173223697,0.7909111585257578,0.7844761630543013,0.005636860467263221,11
116.57966319719951,5.572251344669507,0.2643321355183919,0.04064143757429806,0.05,3,1,2,150,"{'learning_rate': 0.05, 'max_depth': 3, 'min_samples_leaf': 1, 'min_samples_split': 2, 'n_estimators': 150}",0.777146833587751,0.7862547190279616,0.7908038610839535,0.7847351378998887,0.005678053957217147,7
76.66990542411804,3.1601016751207474,0.1875187555948893,0.01531167189656046,0.05,3,1,5,100,"{'learning_rate': 0.05, 'max_depth': 3, 'min_samples_leaf': 1, 'min_samples_split': 5, 'n_estimators': 100}",0.7768868423368925,0.7843600326478865,0.7909111585257578,0.7840526778368456,0.005729526529375086,17
118.28652572631836,0.558332443950275,0.2876451015472412,0.06037026938754876,0.05,3,1,5,150,"{'learning_rate': 0.05, 'max_depth': 3, 'min_samples_leaf': 1, 'min_samples_split': 5, 'n_estimators': 150}",0.7761538080026598,0.7860546642509255,0.7913177569269989,0.7845087430601948,0.006286426700490215,10
75.3138952255249,3.4665029575157043,0.19033527374267578,0.041288556087912494,0.05,3,2,2,100,"{'learning_rate': 0.05, 'max_depth': 3, 'min_samples_leaf': 2, 'min_samples_split': 2, 'n_estimators': 100}",0.7769055589519703,0.7858020294648294,0.7904890987450433,0.7843988957206144,0.005633514388941422,14
113.04864486058553,2.6709419087797763,0.25592811902364093,0.030395241010060716,0.05,3,2,2,150,"{'learning_rate': 0.05, 'max_depth': 3, 'min_samples_leaf': 2, 'min_samples_split': 2, 'n_estimators': 150}",0.7765547136134053,0.7858953190221568,0.7917875100005201,0.7847458475453607,0.0062716550154803445,6
78.55368916193645,1.2992113105797805,0.16760873794555664,0.009595627544454942,0.05,3,2,5,100,"{'learning_rate': 0.05, 'max_depth': 3, 'min_samples_leaf': 2, 'min_samples_split': 5, 'n_estimators': 100}",0.7769055589519703,0.7856530969379367,0.7904890987450433,0.7843492515449834,0.0056215743900348185,15
122.38544138272603,2.9309222590969792,0.2592126528422038,0.018233437805827785,0.05,3,2,5,150,"{'learning_rate': 0.05, 'max_depth': 3, 'min_samples_leaf': 2, 'min_samples_split': 5, 'n_estimators': 150}",0.7765547136134053,0.7859841218718998,0.7932308668362175,0.7852565674405075,0.006827421336817962,5
55.52577177683512,4.413175636648574,0.14188774426778158,0.02387383181158238,0.1,2,1,2,100,"{'learning_rate': 0.1, 'max_depth': 2, 'min_samples_leaf': 1, 'min_samples_split': 2, 'n_estimators': 100}",0.7783547404650943,0.7873929563524009,0.788383030332285,0.78471024238326,0.004512158766065093,8
91.67395106951396,4.742509045642683,0.23961949348449707,0.01355940480115029,0.1,2,1,2,150,"{'learning_rate': 0.1, 'max_depth': 2, 'min_samples_leaf': 1, 'min_samples_split': 2, 'n_estimators': 150}",0.7819134937043702,0.7895294763078899,0.7906318613461611,0.7873582771194737,0.003876257905178733,3
57.70473313331604,3.687305404533143,0.12693913777669272,0.00769890531842475,0.1,2,1,5,100,"{'learning_rate': 0.1, 'max_depth': 2, 'min_samples_leaf': 1, 'min_samples_split': 5, 'n_estimators': 100}",0.7783547404650943,0.7869764062422385,0.788383030332285,0.7845713923465393,0.0044331868367258765,9
87.71213754018147,6.137492538177585,0.18252221743265787,0.0036631139911135315,0.1,2,1,5,150,"{'learning_rate': 0.1, 'max_depth': 2, 'min_samples_leaf': 1, 'min_samples_split': 5, 'n_estimators': 150}",0.7819134937043702,0.7892689602207181,0.7928375062880709,0.7880066534043865,0.004548155421423123,1
56.34821160634359,3.175284847902033,0.13037745157877603,0.010712575663919859,0.1,2,2,2,100,"{'learning_rate': 0.1, 'max_depth': 2, 'min_samples_leaf': 2, 'min_samples_split': 2, 'n_estimators': 100}",0.7782664166754122,0.786301535885952,0.7886711018010222,0.7844130181207954,0.004452657831958818,12
84.16812086105347,4.631986933933754,0.18471145629882812,0.02549221920101738,0.1,2,2,2,150,"{'learning_rate': 0.1, 'max_depth': 2, 'min_samples_leaf': 2, 'min_samples_split': 2, 'n_estimators': 150}",0.7829363103639047,0.789472363221071,0.7905795387414742,0.78766273744215,0.003372515787234889,2
57.84856200218201,3.604166658751462,0.13449223836263022,0.01425410972157425,0.1,2,2,5,100,"{'learning_rate': 0.1, 'max_depth': 2, 'min_samples_leaf': 2, 'min_samples_split': 5, 'n_estimators': 100}",0.7782664166754122,0.78625928685804,0.7886711018010222,0.7843989351114914,0.004446725357416562,13
83.53278048833211,2.904064336458183,0.17941943804423013,0.00548358619140092,0.1,2,2,5,150,"{'learning_rate': 0.1, 'max_depth': 2, 'min_samples_leaf': 2, 'min_samples_split': 5, 'n_estimators': 150}",0.7829363103639047,0.7880249260939769,0.7905795387414742,0.7871802583997853,0.003176983122726079,4
82.9624973932902,2.778065257224459,0.18101088205973306,0.008840792464418016,0.1,3,1,2,100,"{'learning_rate': 0.1, 'max_depth': 3, 'min_samples_leaf': 1, 'min_samples_split': 2, 'n_estimators': 100}",0.7754711326105704,0.7862518802105611,0.7850023760498278,0.7822417962903198,0.004814681032019347,24
125.531010389328,6.914096949697436,0.2533026536305745,0.014459676404336626,0.1,3,1,2,150,"{'learning_rate': 0.1, 'max_depth': 3, 'min_samples_leaf': 1, 'min_samples_split': 2, 'n_estimators': 150}",0.7740407583888276,0.7818657006208153,0.7811926453640516,0.7790330347912316,0.003540750259776742,27
80.76451810201009,3.1350156910365308,0.20845778783162436,0.03635077099152241,0.1,3,1,5,100,"{'learning_rate': 0.1, 'max_depth': 3, 'min_samples_leaf': 1, 'min_samples_split': 5, 'n_estimators': 100}",0.7758222233793937,0.7861635046251656,0.7858649508408533,0.7826168929484708,0.004806102683411267,21
117.76852536201477,4.247894195703502,0.3034667174021403,0.0604601397040761,0.1,3,1,5,150,"{'learning_rate': 0.1, 'max_depth': 3, 'min_samples_leaf': 1, 'min_samples_split': 5, 'n_estimators': 150}",0.7756580559985672,0.7815717513846233,0.7797159576836585,0.7789819216889496,0.002469420297817762,28
81.2188588778178,4.854970988342285,0.19385083516438803,0.04478740189979309,0.1,3,2,2,100,"{'learning_rate': 0.1, 'max_depth': 3, 'min_samples_leaf': 2, 'min_samples_split': 2, 'n_estimators': 100}",0.7786644439513022,0.78535618146398,0.7868346056613917,0.7836184103588913,0.0035546000152398066,18
129.0379007657369,7.546503104748243,0.26949620246887207,0.03613939287834797,0.1,3,2,2,150,"{'learning_rate': 0.1, 'max_depth': 3, 'min_samples_leaf': 2, 'min_samples_split': 2, 'n_estimators': 150}",0.7745845116062636,0.7809922905034554,0.7825541183883847,0.7793769734993679,0.0034482454314407824,25
82.35487389564514,7.0718977108853975,0.2058104674021403,0.032714951274914354,0.1,3,2,5,100,"{'learning_rate': 0.1, 'max_depth': 3, 'min_samples_leaf': 2, 'min_samples_split': 5, 'n_estimators': 100}",0.7790504918382244,0.7873833232913049,0.786568689493463,0.7843341682076641,0.0037508962519090736,16
109.13151295979817,9.320989193068066,0.13803712526957193,0.055310553699336906,0.1,3,2,5,150,"{'learning_rate': 0.1, 'max_depth': 3, 'min_samples_leaf': 2, 'min_samples_split': 5, 'n_estimators': 150}",0.7780344803035772,0.7776185963726282,0.7818947104209373,0.7791825956990476,0.00192525575089364,26
